campaign_id,week_number,week_date,spend,impressions,clicks,conversions
1,0,2026-01-02,116.84,14605,933,36
1,1,2026-01-09,156.34,19543,1248,47
1,2,2026-01-16,145.91,18239,1165,44
1,3,2026-01-23,205.07,25634,1638,61
1,4,2026-01-30,95.91,11989,766,28
1,5,2026-02-06,252.94,31617,2020,76
1,6,2026-02-13,78.14,9768,624,24
1,7,2026-02-20,163.45,20431,1306,50
1,8,2026-02-27,150.49,18811,1202,46
1,9,2026-03-06,72.57,9071,579,21
2,0,2025-11-21,73.28,8142,108,6
2,1,2025-11-28,107.4,11933,159,9
2,2,2025-12-05,48.8,5422,72,3
2,3,2025-12-12,118.04,13116,175,10
2,4,2025-12-19,19.53,2170,29,1
3,0,2025-12-19,18.11,1207,24,1
3,1,2025-12-26,28.79,1919,38,1
3,2,2026-01-02,135.36,9024,177,6
3,3,2026-01-09,74.07,4938,97,3
3,4,2026-01-16,75.46,5031,99,4
3,5,2026-01-23,44.07,2938,57,2
3,6,2026-01-30,43.33,2889,56,2
3,7,2026-02-06,181.68,12112,237,8
3,8,2026-02-13,138.67,9245,181,7
4,0,2026-04-24,425.72,47302,1398,20
4,1,2026-05-01,28.5,3167,94,2
4,2,2026-05-08,154.79,17199,508,7
4,3,2026-05-15,187.3,20811,616,8
4,4,2026-05-22,650.81,72312,2138,30
4,5,2026-05-29,276.81,30757,910,13
5,0,2026-02-13,37.54,4693,266,14
5,1,2026-02-20,30.85,3856,219,11
5,2,2026-02-27,30.56,3820,217,11
5,3,2026-03-06,33.52,4190,237,11
5,4,2026-03-13,31.94,3992,227,11
5,5,2026-03-20,57.53,7191,407,20
5,6,2026-03-27,73.73,9216,523,26
5,7,2026-04-03,8.66,1082,62,3
6,0,2026-02-27,27.06,3007,45,3
6,1,2026-03-06,80.61,8957,135,6
6,2,2026-03-13,98.37,10930,166,7
6,3,2026-03-20,22.3,2478,38,2
6,4,2026-03-27,48.47,5386,82,4
7,0,2026-05-22,104.14,26034,95,22
7,1,2026-05-29,26.88,6719,24,5
7,2,2026-06-05,33.36,8340,30,7
8,0,2025-11-07,68.55,4570,86,3
8,1,2025-11-14,53.34,3556,67,3
8,2,2025-11-21,170.38,11359,214,9
8,3,2025-11-28,110.17,7345,138,5
9,0,2026-08-28,513.46,42788,1046,27
9,1,2026-09-04,789.17,65764,1608,42
10,0,2025-10-24,1.21,134,3,0
10,1,2025-10-31,4.19,465,11,0
10,2,2025-11-07,2.11,234,6,0
10,3,2025-11-14,13.0,1444,34,0
10,4,2025-11-21,16.53,1837,44,1
10,5,2025-11-28,7.53,837,20,1
10,6,2025-12-05,7.53,837,19,1
10,7,2025-12-12,4.3,478,11,0
10,8,2025-12-19,3.01,334,8,0
10,9,2025-12-26,1.84,204,5,0
10,10,2026-01-02,4.69,521,12,1
10,11,2026-01-09,9.29,1032,25,1
11,0,2026-06-05,31.12,7779,104,12
11,1,2026-06-12,31.98,7994,106,12
11,2,2026-06-19,23.24,5811,77,8
11,3,2026-06-26,34.67,8667,115,12
11,4,2026-07-03,10.02,2505,34,4
11,5,2026-07-10,69.01,17253,231,25
11,6,2026-07-17,12.77,3192,43,4
12,0,2026-03-20,24.07,6017,57,7
12,1,2026-03-27,32.3,8076,75,8
12,2,2026-04-03,25.64,6411,60,6
13,0,2025-11-07,1.63,272,0,0
13,1,2025-11-14,44.21,7368,0,4
13,2,2025-11-21,30.19,5032,0,3
13,3,2025-11-28,62.96,10493,0,4
13,4,2025-12-05,13.37,2229,0,1
13,5,2025-12-12,24.08,4013,0,2
13,6,2025-12-19,27.9,4650,0,2
13,7,2025-12-26,15.77,2629,0,1
13,8,2026-01-02,11.9,1984,0,0
13,9,2026-01-09,45.77,7629,0,4
14,0,2025-11-21,167.72,13977,397,11
14,1,2025-11-28,70.82,5902,167,5
14,2,2025-12-05,267.06,22255,631,17
14,3,2025-12-12,82.84,6903,196,6
14,4,2025-12-19,163.9,13658,387,12
14,5,2025-12-26,100.58,8382,237,7
14,6,2026-01-02,99.22,8268,234,6
15,0,2026-01-16,40.54,10134,85,17
15,1,2026-01-23,23.29,5823,49,9
15,2,2026-01-30,36.57,9142,77,15
15,3,2026-02-06,42.9,10724,91,18
15,4,2026-02-13,34.96,8741,74,14
15,5,2026-02-20,37.17,9292,78,15
15,6,2026-02-27,51.02,12754,108,20
15,7,2026-03-06,20.31,5077,43,8
15,8,2026-03-13,6.17,1542,14,2
16,0,2026-02-20,538.55,44879,1303,33
16,1,2026-02-27,554.38,46198,1342,34
16,2,2026-03-06,258.42,21535,625,15
16,3,2026-03-13,158.66,13222,384,10
16,4,2026-03-20,147.19,12266,356,9
16,5,2026-03-27,45.01,3751,109,3
16,6,2026-04-03,135.86,11322,329,8
16,7,2026-04-10,11.86,988,29,0
16,8,2026-04-17,38.32,3193,93,2
16,9,2026-04-24,256.45,21371,621,16
17,0,2026-05-08,97.28,12160,675,28
17,1,2026-05-15,205.05,25631,1422,61
17,2,2026-05-22,68.84,8605,477,20
17,3,2026-05-29,66.51,8314,462,20
17,4,2026-06-05,140.04,17505,972,41
18,0,2026-07-17,119.02,9918,323,10
18,1,2026-07-24,113.69,9474,309,9
19,0,2025-09-19,33.32,4165,255,11
19,1,2025-09-26,38.93,4866,298,13
19,2,2025-10-03,68.41,8551,524,23
19,3,2025-10-10,78.93,9866,603,26
19,4,2025-10-17,39.92,4990,306,13
19,5,2025-10-24,21.88,2735,167,7
20,0,2025-11-14,1369.61,171201,9327,310
20,1,2025-11-21,418.4,52300,2849,95
20,2,2025-11-28,2030.13,253766,13825,461
20,3,2025-12-05,160.14,20017,1091,36
20,4,2025-12-12,404.61,50576,2756,92
20,5,2025-12-19,841.24,105155,5729,190
21,0,2026-04-24,366.62,30552,837,26
21,1,2026-05-01,915.54,76295,2090,63
21,2,2026-05-08,359.17,29931,820,24
22,0,2026-06-05,142.11,23685,0,6
22,1,2026-06-12,30.98,5163,0,1
23,0,2026-05-15,222.96,27870,1530,74
23,1,2026-05-22,16.7,2088,114,5
24,0,2025-09-26,98.63,12329,788,18
24,1,2025-10-03,4.13,516,33,1
24,2,2025-10-10,124.72,15590,995,22
24,3,2025-10-17,7.86,982,63,2
25,0,2026-02-13,588.56,49047,1778,51
25,1,2026-02-20,589.16,49097,1779,51
25,2,2026-02-27,58.58,4882,177,5
25,3,2026-03-06,234.36,19530,708,20
25,4,2026-03-13,1100.88,91740,3325,96
25,5,2026-03-20,920.02,76668,2779,80
25,6,2026-03-27,915.48,76290,2766,80
25,7,2026-04-03,434.88,36240,1314,38
25,8,2026-04-10,500.05,41671,1510,44
25,9,2026-04-17,109.07,9089,330,10
25,10,2026-04-24,350.57,29214,1059,30
25,11,2026-05-01,695.87,57989,2102,60
26,0,2025-11-28,51.06,5673,67,3
26,1,2025-12-05,48.63,5403,64,4
26,2,2025-12-12,14.23,1581,19,1
26,3,2025-12-19,104.38,11598,138,8
27,0,2026-07-31,14.08,1564,21,2
27,1,2026-08-07,4.19,465,6,0
27,2,2026-08-14,5.64,627,9,0
27,3,2026-08-21,5.1,567,8,1
27,4,2026-08-28,7.2,800,11,1
27,5,2026-09-04,9.96,1107,14,2
27,6,2026-09-11,10.73,1192,16,2
28,0,2026-05-22,466.29,31086,735,25
28,1,2026-05-29,53.66,3577,84,2
28,2,2026-06-05,372.46,24831,587,20
28,3,2026-06-12,434.69,28979,684,23
28,4,2026-06-19,856.65,57110,1349,45
29,0,2026-03-20,259.22,32402,1908,42
29,1,2026-03-27,324.14,40517,2385,52
29,2,2026-04-03,1153.61,144201,8490,186
29,3,2026-04-10,509.03,63629,3745,83
30,0,2025-10-10,125.71,15714,944,41
30,1,2025-10-17,262.09,32761,1966,84
31,0,2026-04-17,542.05,90342,0,43
31,1,2026-04-24,69.84,11640,0,5
32,0,2026-08-14,325.58,40698,2238,88
32,1,2026-08-21,96.41,12051,662,26
32,2,2026-08-28,187.47,23434,1289,51
32,3,2026-09-04,364.51,45564,2505,98
32,4,2026-09-11,326.51,40814,2245,89
32,5,2026-09-18,552.91,69114,3801,150
32,6,2026-09-25,138.67,17334,953,38
32,7,2026-10-02,253.19,31649,1740,69
33,0,2025-12-12,103.18,11464,168,7
33,1,2025-12-19,304.0,33778,496,21
33,2,2025-12-26,248.35,27595,406,17
33,3,2026-01-02,142.16,15795,233,10
33,4,2026-01-09,255.26,28362,417,18
33,5,2026-01-16,498.68,55409,815,35
33,6,2026-01-23,36.23,4026,59,3
33,7,2026-01-30,77.03,8559,126,5
33,8,2026-02-06,154.83,17203,253,11
33,9,2026-02-13,301.13,33459,492,20
33,10,2026-02-20,244.12,27124,399,17
33,11,2026-02-27,300.43,33381,491,21
34,0,2026-06-05,45.11,5012,104,5
34,1,2026-06-12,29.46,3273,67,2
34,2,2026-06-19,201.58,22398,463,19
34,3,2026-06-26,66.58,7398,153,7
34,4,2026-07-03,64.83,7203,149,6
34,5,2026-07-10,34.76,3862,80,4
34,6,2026-07-17,187.58,20842,430,17
34,7,2026-07-24,47.57,5286,109,4
34,8,2026-07-31,93.5,10389,215,9
35,0,2025-11-28,160.16,17796,164,10
35,1,2025-12-05,206.24,22916,212,12
35,2,2025-12-12,144.71,16079,149,9
35,3,2025-12-19,80.18,8909,82,5
35,4,2025-12-26,194.59,21621,200,11
35,5,2026-01-02,160.78,17864,165,10
35,6,2026-01-09,156.27,17363,161,9
35,7,2026-01-16,179.69,19966,184,10
35,8,2026-01-23,18.7,2078,19,1
36,0,2025-11-28,237.34,26371,321,15
36,1,2025-12-05,144.54,16060,196,9
36,2,2025-12-12,7.16,795,10,0
36,3,2025-12-19,48.16,5351,66,2
36,4,2025-12-26,117.75,13083,159,7
36,5,2026-01-02,59.86,6651,81,4
36,6,2026-01-09,630.51,70057,855,39
36,7,2026-01-16,103.06,11451,139,6
36,8,2026-01-23,50.22,5580,68,3
37,0,2025-10-31,807.09,53806,1476,46
37,1,2025-11-07,1406.03,93735,2571,80
37,2,2025-11-14,1940.22,129348,3547,111
38,0,2026-05-29,56.3,9384,0,4
38,1,2026-06-05,164.58,27430,0,13
38,2,2026-06-12,230.58,38430,0,19
38,3,2026-06-19,77.0,12833,0,7
38,4,2026-06-26,285.78,47630,0,24
39,0,2025-11-14,21.69,3615,30,2
39,1,2025-11-21,35.56,5927,50,3
39,2,2025-11-28,5.12,853,7,1
39,3,2025-12-05,7.2,1200,11,1
39,4,2025-12-12,90.97,15161,128,9
39,5,2025-12-19,42.28,7047,59,4
40,0,2026-01-02,940.85,104539,2415,91
40,1,2026-01-09,1609.12,178791,4130,156
40,2,2026-01-16,79.47,8830,204,7
41,0,2026-01-02,77.45,9681,534,20
41,1,2026-01-09,126.72,15840,874,33
41,2,2026-01-16,3.45,431,24,0
41,3,2026-01-23,170.3,21287,1174,44
42,0,2026-02-20,12.58,1573,102,5
42,1,2026-02-27,9.18,1147,74,4
42,2,2026-03-06,1.38,173,11,1
42,3,2026-03-13,18.64,2330,151,7
42,4,2026-03-20,13.69,1711,111,5
42,5,2026-03-27,14.24,1780,116,5
42,6,2026-04-03,49.66,6207,402,18
42,7,2026-04-10,5.06,632,41,1
42,8,2026-04-17,13.94,1743,113,5
42,9,2026-04-24,3.98,498,32,1
42,10,2026-05-01,12.9,1612,105,5
42,11,2026-05-08,19.11,2389,155,7
43,0,2026-07-17,24.86,1657,38,1
43,1,2026-07-24,57.16,3811,86,2
43,2,2026-07-31,19.06,1271,29,1
43,3,2026-08-07,23.36,1557,35,1
43,4,2026-08-14,8.09,539,12,1
43,5,2026-08-21,9.68,645,15,0
43,6,2026-08-28,57.28,3819,86,2
43,7,2026-09-04,30.48,2032,47,1
43,8,2026-09-11,70.55,4703,107,3
43,9,2026-09-18,18.79,1253,29,1
43,10,2026-09-25,5.59,373,9,0
44,0,2026-05-08,20.28,1352,21,1
44,1,2026-05-15,98.56,6571,103,4
44,2,2026-05-22,225.56,15037,236,11
44,3,2026-05-29,137.44,9163,143,7
44,4,2026-06-05,271.44,18096,283,14
44,5,2026-06-12,130.68,8712,136,7
44,6,2026-06-19,283.53,18902,296,14
44,7,2026-06-26,63.9,4260,67,3
45,0,2026-02-20,12.0,1333,18,2
45,1,2026-02-27,22.94,2549,37,3
45,2,2026-03-06,18.01,2001,28,2
45,3,2026-03-13,28.57,3174,45,3
45,4,2026-03-20,30.46,3384,48,3
45,5,2026-03-27,21.06,2340,33,2
45,6,2026-04-03,9.81,1090,16,1
46,0,2026-03-13,40.87,3406,118,2
46,1,2026-03-20,421.73,35144,1212,22
46,2,2026-03-27,863.47,71956,2480,46
46,3,2026-04-03,309.86,25822,890,17
47,0,2026-01-09,2498.98,166599,3244,139
47,1,2026-01-16,159.38,10625,207,8
47,2,2026-01-23,1506.81,100454,1957,84
47,3,2026-01-30,213.34,14223,277,12
47,4,2026-02-06,620.36,41357,805,34
47,5,2026-02-13,270.92,18061,352,15
47,6,2026-02-20,540.96,36064,702,30
47,7,2026-02-27,1786.0,119067,2319,98
48,0,2025-09-05,206.42,34404,0,18
48,1,2025-09-12,73.77,12295,0,6
48,2,2025-09-19,27.61,4602,0,2
48,3,2025-09-26,57.41,9568,0,5
48,4,2025-10-03,149.59,24931,0,13
49,0,2026-06-26,22.31,1859,82,1
49,1,2026-07-03,73.06,6088,272,4
49,2,2026-07-10,145.84,12153,541,7
49,3,2026-07-17,311.63,25969,1158,16
49,4,2026-07-24,303.65,25304,1128,15
50,0,2025-11-21,1131.19,75413,598,56
50,1,2025-11-28,740.85,49390,392,38
50,2,2025-12-05,1569.19,104613,829,79
51,0,2026-05-01,97.22,6481,188,4
51,1,2026-05-08,51.47,3431,99,3
51,2,2026-05-15,53.69,3579,104,3
51,3,2026-05-22,40.54,2703,78,2
52,0,2026-08-21,24.66,1644,29,0
52,1,2026-08-28,37.66,2511,44,0
52,2,2026-09-04,4.29,286,5,1
52,3,2026-09-11,13.14,876,16,0
52,4,2026-09-18,27.68,1845,32,0
52,5,2026-09-25,85.94,5729,99,2
52,6,2026-10-02,23.86,1591,27,1
52,7,2026-10-09,13.59,906,15,1
52,8,2026-10-16,1.3,87,1,0
52,9,2026-10-23,67.91,4527,78,2
52,10,2026-10-30,24.87,1658,29,1
52,11,2026-11-06,17.98,1199,21,0
53,0,2026-04-03,33.64,5606,14,1
53,1,2026-04-10,59.54,9924,25,3
53,2,2026-04-17,146.93,24489,62,7
53,3,2026-04-24,216.71,36119,92,11
53,4,2026-05-01,68.98,11497,29,4
53,5,2026-05-08,72.43,12071,31,4
53,6,2026-05-15,182.65,30442,77,10
53,7,2026-05-22,463.55,77259,195,23
53,8,2026-05-29,122.76,20460,52,6
54,0,2026-03-06,305.11,33901,341,25
54,1,2026-03-13,397.75,44195,446,32
54,2,2026-03-20,233.98,25998,262,19
54,3,2026-03-27,34.93,3881,40,3
54,4,2026-04-03,229.36,25484,257,19
54,5,2026-04-10,26.54,2949,30,3
54,6,2026-04-17,143.37,15930,160,12
55,0,2025-12-12,438.59,29239,456,25
55,1,2025-12-19,226.25,15083,235,13
55,2,2025-12-26,283.31,18887,295,16
55,3,2026-01-02,367.78,24519,383,21
56,0,2026-06-12,585.26,48772,1627,35
56,1,2026-06-19,361.88,30157,1006,21
57,0,2026-04-17,270.41,18027,310,13
57,1,2026-04-24,173.41,11561,199,8
57,2,2026-05-01,763.37,50891,875,35
57,3,2026-05-08,1164.31,77621,1335,54
57,4,2026-05-15,760.89,50726,872,35
57,5,2026-05-22,312.09,20806,357,14
58,0,2026-04-03,101.9,12738,766,22
58,1,2026-04-10,125.42,15678,944,27
58,2,2026-04-17,132.04,16505,993,28
59,0,2026-02-27,12.88,3220,39,5
59,1,2026-03-06,5.5,1376,17,3
59,2,2026-03-13,18.18,4546,56,7
59,3,2026-03-20,21.66,5416,67,8
59,4,2026-03-27,2.63,657,8,1
59,5,2026-04-03,3.82,955,12,1
59,6,2026-04-10,8.24,2059,26,3
59,7,2026-04-17,0.64,159,2,1
60,0,2026-03-06,40.82,5102,300,9
60,1,2026-03-13,155.45,19431,1143,35
60,2,2026-03-20,90.04,11255,662,20
60,3,2026-03-27,61.57,7696,453,14
60,4,2026-04-03,74.65,9331,549,16
60,5,2026-04-10,32.7,4087,241,7
60,6,2026-04-17,42.72,5340,314,10
60,7,2026-04-24,41.39,5174,304,9
60,8,2026-05-01,26.95,3369,198,6
61,0,2026-02-20,52.03,8672,0,5
61,1,2026-02-27,16.63,2771,0,2
61,2,2026-03-06,18.91,3152,0,2
61,3,2026-03-13,9.56,1594,0,1
61,4,2026-03-20,23.74,3956,0,2
61,5,2026-03-27,8.45,1409,0,0
61,6,2026-04-03,15.87,2645,0,1
61,7,2026-04-10,4.0,666,0,0
62,0,2025-12-26,55.75,6969,370,16
62,1,2026-01-02,195.15,24394,1296,53
62,2,2026-01-09,48.6,6075,323,13
62,3,2026-01-16,43.41,5426,288,12
62,4,2026-01-23,712.49,89061,4730,193
62,5,2026-01-30,141.5,17688,939,38
62,6,2026-02-06,90.25,11281,599,24
62,7,2026-02-13,81.73,10216,542,22
62,8,2026-02-20,33.37,4171,221,9
63,0,2025-09-12,31.51,3501,51,3
63,1,2025-09-19,65.28,7253,105,7
63,2,2025-09-26,72.84,8093,117,8
63,3,2025-10-03,82.41,9157,133,8
63,4,2025-10-10,80.64,8960,131,8
63,5,2025-10-17,23.06,2562,37,2
64,0,2026-08-14,181.74,20193,381,16
64,1,2026-08-21,60.2,6689,126,5
64,2,2026-08-28,118.97,13219,250,11
64,3,2026-09-04,470.3,52255,985,43
64,4,2026-09-11,165.85,18428,348,15
64,5,2026-09-18,131.06,14562,275,12
64,6,2026-09-25,89.35,9928,187,8
64,7,2026-10-02,60.81,6757,127,6
64,8,2026-10-09,146.57,16286,307,13
64,9,2026-10-16,154.19,17132,323,14
64,10,2026-10-23,112.87,12541,237,10
65,0,2025-12-12,458.64,50960,548,34
65,1,2025-12-19,393.55,43728,470,29
65,2,2025-12-26,1269.24,141027,1515,93
66,0,2026-07-31,23.86,2982,165,4
66,1,2026-08-07,66.58,8322,461,11
66,2,2026-08-14,50.62,6327,351,8
66,3,2026-08-21,49.2,6150,340,9
66,4,2026-08-28,37.23,4654,257,7
66,5,2026-09-04,62.61,7826,433,11
67,0,2026-03-20,90.45,11306,683,33
67,1,2026-03-27,214.71,26839,1622,80
67,2,2026-04-03,273.5,34187,2066,101
68,0,2026-06-19,31.58,7895,100,19
68,1,2026-06-26,4.56,1141,14,2
68,2,2026-07-03,21.14,5284,67,12
68,3,2026-07-10,8.66,2166,28,5
68,4,2026-07-17,35.72,8930,114,21
69,0,2026-08-28,231.3,25700,246,19
69,1,2026-09-04,161.97,17997,172,14
69,2,2026-09-11,44.23,4915,46,4
69,3,2026-09-18,93.17,10352,99,7
69,4,2026-09-25,337.39,37488,358,28
69,5,2026-10-02,312.23,34692,331,25
70,0,2025-10-24,19.01,1584,51,1
70,1,2025-10-31,28.9,2408,77,2
70,2,2025-11-07,34.79,2899,92,1
70,3,2025-11-14,35.23,2936,93,2
70,4,2025-11-21,29.84,2487,79,2
70,5,2025-11-28,37.49,3124,100,2
70,6,2025-12-05,38.53,3211,102,2
70,7,2025-12-12,23.0,1917,61,1
70,8,2025-12-19,66.48,5540,176,4
70,9,2025-12-26,28.85,2404,77,1
70,10,2026-01-02,41.64,3470,110,2
70,11,2026-01-09,75.06,6255,200,5
71,0,2026-04-10,416.65,69441,113,33
71,1,2026-04-17,511.82,85303,138,40
71,2,2026-04-24,138.52,23086,37,11
71,3,2026-05-01,833.94,138990,225,67
72,0,2026-07-17,61.46,5122,155,5
72,1,2026-07-24,114.84,9570,289,12
72,2,2026-07-31,42.79,3566,108,4
72,3,2026-08-07,39.19,3266,99,3
72,4,2026-08-14,106.07,8839,267,11
72,5,2026-08-21,63.53,5294,160,6
72,6,2026-08-28,108.71,9059,274,11
72,7,2026-09-04,82.81,6901,208,8
72,8,2026-09-11,22.62,1885,57,3
72,9,2026-09-18,56.87,4739,143,5
73,0,2025-10-31,63.03,4202,72,2
73,1,2025-11-07,14.28,952,16,1
73,2,2025-11-14,25.58,1705,29,1
73,3,2025-11-21,52.59,3506,60,1
73,4,2025-11-28,26.54,1769,30,1
73,5,2025-12-05,126.86,8457,145,4
74,0,2025-09-26,8.26,1376,0,1
74,1,2025-10-03,23.76,3960,0,1
74,2,2025-10-10,14.72,2454,0,1
74,3,2025-10-17,18.69,3115,0,2
74,4,2025-10-24,43.1,7184,0,4
74,5,2025-10-31,18.36,3060,0,2
74,6,2025-11-07,34.26,5710,0,3
74,7,2025-11-14,12.05,2009,0,0
75,0,2026-08-28,42.12,3510,103,2
75,1,2026-09-04,1180.72,98393,2891,60
75,2,2026-09-11,621.56,51797,1522,31
75,3,2026-09-18,734.33,61194,1798,36
75,4,2026-09-25,976.92,81410,2393,49
75,5,2026-10-02,672.61,56051,1648,34
75,6,2026-10-09,402.43,33536,986,20
76,0,2025-09-26,174.93,19437,403,11
76,1,2025-10-03,131.89,14654,303,9
76,2,2025-10-10,241.84,26871,558,17
77,0,2026-02-20,38.06,6343,0,2
77,1,2026-02-27,4.07,679,0,0
77,2,2026-03-06,30.4,5066,0,2
77,3,2026-03-13,74.64,12440,0,3
77,4,2026-03-20,110.02,18336,0,6
77,5,2026-03-27,42.93,7155,0,2
77,6,2026-04-03,122.28,20380,0,6
77,7,2026-04-10,17.97,2995,0,1
77,8,2026-04-17,57.2,9533,0,2
78,0,2025-12-12,192.67,21408,263,13
78,1,2025-12-19,88.53,9837,121,6
78,2,2025-12-26,34.39,3821,46,2
78,3,2026-01-02,64.88,7209,89,4
78,4,2026-01-09,21.45,2383,30,2
78,5,2026-01-16,135.29,15032,185,10
78,6,2026-01-23,55.07,6119,75,4
78,7,2026-01-30,42.55,4728,58,3
78,8,2026-02-06,144.7,16078,197,10
79,0,2026-06-26,89.66,9962,101,6
79,1,2026-07-03,185.6,20622,209,13
79,2,2026-07-10,137.06,15229,155,9
79,3,2026-07-17,889.3,98811,1003,61
79,4,2026-07-24,27.86,3095,32,2
79,5,2026-07-31,102.2,11355,115,7
79,6,2026-08-07,128.39,14266,145,8
79,7,2026-08-14,90.23,10026,102,6
79,8,2026-08-21,292.03,32448,330,20
79,9,2026-08-28,115.49,12832,130,8
79,10,2026-09-04,52.79,5865,59,3
80,0,2026-06-26,15.93,1991,131,4
80,1,2026-07-03,18.24,2280,150,4
80,2,2026-07-10,17.02,2127,141,4
80,3,2026-07-17,13.06,1632,107,3
80,4,2026-07-24,12.82,1602,106,3
80,5,2026-07-31,12.14,1518,100,3
80,6,2026-08-07,14.83,1854,122,4
80,7,2026-08-14,27.72,3465,229,7
80,8,2026-08-21,15.52,1940,128,4
80,9,2026-08-28,2.29,286,19,1
81,0,2026-05-22,305.68,76421,0,140
81,1,2026-05-29,92.37,23093,0,43
81,2,2026-06-05,358.53,89633,0,165
82,0,2026-03-13,367.93,30661,1008,15
82,1,2026-03-20,314.94,26245,863,12
83,0,2025-11-28,58.85,14713,85,30
83,1,2025-12-05,11.29,2823,16,5
83,2,2025-12-12,47.2,11801,67,24
83,3,2025-12-19,13.79,3448,20,7
83,4,2025-12-26,18.14,4534,26,9
83,5,2026-01-02,12.92,3231,19,6
84,0,2026-06-05,97.52,8127,184,6
84,1,2026-06-12,101.56,8463,192,7
84,2,2026-06-19,70.28,5857,133,4
84,3,2026-06-26,22.21,1851,42,1
84,4,2026-07-03,51.32,4277,98,4
84,5,2026-07-10,188.65,15721,356,12
85,0,2026-03-06,59.87,6652,133,4
85,1,2026-03-13,167.76,18640,371,13
85,2,2026-03-20,64.54,7171,143,5
85,3,2026-03-27,51.4,5711,113,4
85,4,2026-04-03,16.19,1799,36,1
85,5,2026-04-10,34.36,3818,76,3
85,6,2026-04-17,25.22,2802,55,2
85,7,2026-04-24,98.1,10900,216,7
85,8,2026-05-01,71.13,7903,158,5
85,9,2026-05-08,9.74,1082,21,1
85,10,2026-05-15,25.56,2840,57,2
85,11,2026-05-22,74.01,8223,163,6
86,0,2026-06-26,62.64,6960,69,3
86,1,2026-07-03,39.33,4370,43,2
86,2,2026-07-10,19.24,2138,21,1
86,3,2026-07-17,62.12,6902,69,3
86,4,2026-07-24,40.86,4540,45,2
86,5,2026-07-31,25.82,2869,29,2
86,6,2026-08-07,60.98,6776,67,3
86,7,2026-08-14,68.48,7609,75,3
86,8,2026-08-21,84.86,9429,94,4
86,9,2026-08-28,17.41,1934,19,1
86,10,2026-09-04,77.55,8617,85,4
86,11,2026-09-11,26.23,2914,28,1
87,0,2026-07-17,90.56,11320,697,27
87,1,2026-07-24,106.75,13344,822,31
87,2,2026-07-31,166.4,20800,1281,49
87,3,2026-08-07,152.82,19103,1177,45
87,4,2026-08-14,51.05,6381,393,15
87,5,2026-08-21,456.29,57036,3513,134
87,6,2026-08-28,499.93,62491,3849,146
87,7,2026-09-04,446.38,55798,3437,131
87,8,2026-09-11,511.39,63924,3937,149
87,9,2026-09-18,755.03,94379,5813,221
87,10,2026-09-25,92.14,11517,709,27
87,11,2026-10-02,733.82,91728,5649,215
88,0,2025-09-19,42.05,2803,61,3
88,1,2025-09-26,22.19,1479,33,1
88,2,2025-10-03,9.64,643,14,1
88,3,2025-10-10,46.44,3096,68,3
88,4,2025-10-17,9.12,608,13,1
88,5,2025-10-24,23.22,1548,34,1
88,6,2025-10-31,28.44,1896,41,1
88,7,2025-11-07,37.09,2473,53,3
88,8,2025-11-14,39.66,2644,57,3
88,9,2025-11-21,9.0,600,13,1
88,10,2025-11-28,13.77,918,20,1
88,11,2025-12-05,13.88,925,21,0
89,0,2026-03-06,258.15,28683,334,13
89,1,2026-03-13,429.31,47701,557,22
89,2,2026-03-20,326.36,36262,423,17
89,3,2026-03-27,54.08,6009,71,2
90,0,2026-06-26,39.71,3309,96,4
90,1,2026-07-03,104.26,8688,254,11
90,2,2026-07-10,132.88,11073,324,14
90,3,2026-07-17,97.64,8137,238,10
90,4,2026-07-24,78.72,6560,192,8
90,5,2026-07-31,43.66,3638,107,5
90,6,2026-08-07,131.18,10932,320,14
90,7,2026-08-14,84.68,7057,206,8
90,8,2026-08-21,52.49,4374,128,5
90,9,2026-08-28,190.08,15840,463,19
90,10,2026-09-04,120.16,10013,292,13
91,0,2026-06-05,165.22,13768,461,11
91,1,2026-06-12,145.62,12135,405,10
91,2,2026-06-19,153.88,12823,429,10
91,3,2026-06-26,131.99,10999,368,8
91,4,2026-07-03,34.81,2901,97,3
92,0,2025-09-19,113.58,12620,259,5
92,1,2025-09-26,117.65,13072,268,6
92,2,2025-10-03,167.22,18580,382,8
92,3,2025-10-10,85.55,9506,195,4
92,4,2025-10-17,136.81,15201,312,7
93,0,2025-09-19,8.11,901,7,1
93,1,2025-09-26,4.42,491,4,0
93,2,2025-10-03,7.86,873,7,0
93,3,2025-10-10,24.8,2756,21,1
93,4,2025-10-17,22.09,2454,19,2
93,5,2025-10-24,25.05,2783,21,1
93,6,2025-10-31,14.25,1583,12,1
93,7,2025-11-07,16.71,1857,15,1
93,8,2025-11-14,5.62,624,5,0
93,9,2025-11-21,21.58,2398,18,1
94,0,2025-11-21,153.6,17067,222,8
94,1,2025-11-28,31.61,3512,46,2
94,2,2025-12-05,26.65,2961,38,1
94,3,2025-12-12,13.77,1530,20,0
94,4,2025-12-19,36.13,4014,52,2
94,5,2025-12-26,42.35,4706,62,2
94,6,2026-01-02,33.42,3713,48,2
94,7,2026-01-09,30.88,3431,45,1
94,8,2026-01-16,69.66,7740,100,4
94,9,2026-01-23,35.04,3893,50,2
94,10,2026-01-30,75.02,8336,109,4
95,0,2026-08-14,29.04,3227,50,2
95,1,2026-08-21,51.98,5776,88,4
95,2,2026-08-28,7.08,787,12,0
95,3,2026-09-04,62.51,6945,106,4
95,4,2026-09-11,63.23,7026,108,4
95,5,2026-09-18,30.24,3360,51,2
95,6,2026-09-25,41.66,4629,71,2
95,7,2026-10-02,16.19,1799,27,1
95,8,2026-10-09,49.6,5511,84,3
95,9,2026-10-16,18.08,2009,30,1
95,10,2026-10-23,1.0,111,2,0
96,0,2025-09-05,172.54,28757,0,9
96,1,2025-09-12,83.29,13881,0,5
96,2,2025-09-19,82.54,13756,0,5
97,0,2026-04-17,8.79,977,3,0
97,1,2026-04-24,60.32,6702,27,4
97,2,2026-05-01,84.86,9429,38,6
97,3,2026-05-08,155.28,17253,70,11
97,4,2026-05-15,184.39,20488,83,13
97,5,2026-05-22,73.69,8188,33,6
98,0,2026-07-03,26.39,6598,40,11
98,1,2026-07-10,8.79,2198,13,3
98,2,2026-07-17,7.93,1982,12,3
98,3,2026-07-24,2.57,643,4,1
98,4,2026-07-31,42.02,10504,65,17
98,5,2026-08-07,32.46,8116,50,14
98,6,2026-08-14,14.84,3709,23,6
98,7,2026-08-21,10.36,2589,15,4
98,8,2026-08-28,13.43,3357,21,6
98,9,2026-09-04,3.58,894,6,2
98,10,2026-09-11,17.78,4444,27,8
99,0,2025-11-21,196.2,16350,468,17
99,1,2025-11-28,158.41,13201,378,15
99,2,2025-12-05,342.14,28512,816,32
99,3,2025-12-12,251.2,20933,598,23
99,4,2025-12-19,394.97,32914,940,37
99,5,2025-12-26,54.37,4531,129,4
99,6,2026-01-02,474.08,39507,1129,43
99,7,2026-01-09,227.21,18934,541,21
99,8,2026-01-16,64.27,5356,154,6
99,9,2026-01-23,42.92,3577,102,4
100,0,2025-12-19,190.57,31762,0,11
100,1,2025-12-26,147.55,24592,0,9
100,2,2026-01-02,134.57,22429,0,8
100,3,2026-01-09,471.68,78614,0,27
100,4,2026-01-16,86.47,14411,0,5
100,5,2026-01-23,87.99,14665,0,5
100,6,2026-01-30,338.9,56483,0,19
100,7,2026-02-06,317.21,52869,0,18
101,0,2026-03-27,349.92,29160,786,21
101,1,2026-04-03,85.28,7107,192,5
101,2,2026-04-10,1089.77,90814,2448,65
101,3,2026-04-17,289.69,24141,651,18
102,0,2026-05-08,536.09,89348,624,44
102,1,2026-05-15,72.37,12061,84,5
102,2,2026-05-22,289.66,48277,337,24
102,3,2026-05-29,52.06,8676,61,4
102,4,2026-06-05,477.95,79658,556,40
102,5,2026-06-12,435.75,72625,506,36
103,0,2026-06-26,170.1,11340,217,6
103,1,2026-07-03,1396.56,93104,1782,52
103,2,2026-07-10,159.41,10627,204,6
103,3,2026-07-17,1677.69,111846,2141,62
103,4,2026-07-24,331.53,22102,423,12
103,5,2026-07-31,135.82,9055,174,5
103,6,2026-08-07,416.31,27754,532,15
103,7,2026-08-14,597.16,39811,762,22
103,8,2026-08-21,695.76,46384,887,26
103,9,2026-08-28,956.61,63774,1220,35
103,10,2026-09-04,742.89,49526,948,28
104,0,2025-09-05,195.77,13051,298,9
104,1,2025-09-12,68.3,4553,103,3
104,2,2025-09-19,57.16,3811,87,3
105,0,2026-01-02,187.22,23402,1313,52
105,1,2026-01-09,111.18,13897,779,31
105,2,2026-01-16,114.5,14313,803,32
105,3,2026-01-23,180.67,22584,1267,51
105,4,2026-01-30,114.05,14256,799,32
105,5,2026-02-06,65.13,8141,457,19
105,6,2026-02-13,220.57,27571,1547,63
105,7,2026-02-20,178.78,22348,1254,51
105,8,2026-02-27,132.73,16591,931,37
105,9,2026-03-06,245.08,30635,1718,69
105,10,2026-03-13,118.34,14793,829,33
105,11,2026-03-20,152.12,19015,1067,42
106,0,2025-12-26,32.38,4048,207,9
106,1,2026-01-02,58.5,7312,374,14
106,2,2026-01-09,44.35,5544,283,11
106,3,2026-01-16,88.7,11088,566,23
106,4,2026-01-23,88.86,11107,568,23
106,5,2026-01-30,32.51,4064,207,8
106,6,2026-02-06,63.56,7945,405,16
106,7,2026-02-13,98.22,12277,627,25
106,8,2026-02-20,20.97,2621,134,6
107,0,2026-03-13,9.74,2434,23,4
107,1,2026-03-20,2.39,598,6,1
107,2,2026-03-27,4.57,1142,11,2
107,3,2026-04-03,6.04,1509,14,2
107,4,2026-04-10,3.18,796,7,2
107,5,2026-04-17,10.77,2692,26,4
107,6,2026-04-24,4.7,1175,12,2
107,7,2026-05-01,13.64,3409,33,5
107,8,2026-05-08,9.59,2398,22,4
107,9,2026-05-15,4.7,1175,11,1
107,10,2026-05-22,3.78,946,9,1
107,11,2026-05-29,8.98,2245,21,3
108,0,2026-01-23,165.77,11051,154,4
108,1,2026-01-30,288.19,19213,268,8
108,2,2026-02-06,36.93,2462,35,1
108,3,2026-02-13,291.57,19438,270,7
108,4,2026-02-20,149.91,9994,139,4
109,0,2025-09-05,136.69,34173,66,69
109,1,2025-09-12,205.31,51327,99,105
109,2,2025-09-19,677.81,169453,325,344
110,0,2026-05-01,8.9,2226,0,4
110,1,2026-05-08,6.23,1558,0,2
110,2,2026-05-15,14.49,3623,0,6
110,3,2026-05-22,8.38,2096,0,4
110,4,2026-05-29,17.43,4357,0,7
110,5,2026-06-05,20.12,5030,0,9
110,6,2026-06-12,2.74,686,0,1
110,7,2026-06-19,5.65,1412,0,2
110,8,2026-06-26,18.48,4620,0,7
111,0,2025-11-07,50.63,12658,97,16
111,1,2025-11-14,139.79,34947,268,44
111,2,2025-11-21,36.71,9178,70,11
111,3,2025-11-28,41.54,10385,80,13
111,4,2025-12-05,169.38,42345,325,53
112,0,2025-11-14,324.21,54035,88,18
112,1,2025-11-21,107.7,17950,30,6
112,2,2025-11-28,235.34,39223,64,13
113,0,2026-05-15,20.16,3360,5,2
113,1,2026-05-22,42.47,7078,8,3
113,2,2026-05-29,8.43,1405,1,0
113,3,2026-06-05,15.23,2538,3,1
113,4,2026-06-12,23.8,3967,5,2
113,5,2026-06-19,13.1,2183,3,2
113,6,2026-06-26,32.59,5431,7,3
113,7,2026-07-03,9.89,1648,3,1
113,8,2026-07-10,21.1,3516,4,2
113,9,2026-07-17,10.85,1808,3,1
113,10,2026-07-24,14.12,2354,3,1
113,11,2026-07-31,2.36,393,0,0
114,0,2026-04-17,455.12,113781,1317,175
114,1,2026-04-24,357.81,89453,1034,137
115,0,2026-02-20,1.44,360,1,1
115,1,2026-02-27,30.28,7570,29,14
115,2,2026-03-06,88.98,22244,87,41
115,3,2026-03-13,44.41,11102,43,20
115,4,2026-03-20,84.68,21170,82,38
116,0,2025-12-12,87.94,14657,136,7
116,1,2025-12-19,6.2,1033,9,1
116,2,2025-12-26,307.0,51166,473,22
116,3,2026-01-02,175.31,29218,270,12
116,4,2026-01-09,67.88,11314,105,5
116,5,2026-01-16,57.95,9659,90,4
117,0,2026-03-06,155.61,10374,279,8
117,1,2026-03-13,167.78,11185,301,9
117,2,2026-03-20,97.96,6531,175,5
117,3,2026-03-27,19.3,1287,35,0
117,4,2026-04-03,464.62,30975,834,24
118,0,2025-09-19,95.07,11884,749,27
118,1,2025-09-26,41.35,5169,326,11
118,2,2025-10-03,34.02,4253,268,10
118,3,2025-10-10,121.5,15187,957,35
118,4,2025-10-17,8.62,1078,68,3
118,5,2025-10-24,202.45,25306,1595,58
118,6,2025-10-31,22.91,2864,181,7
118,7,2025-11-07,87.86,10982,692,25
119,0,2026-06-26,261.68,21807,687,17
119,1,2026-07-03,159.44,13287,419,10
119,2,2026-07-10,396.01,33001,1040,27
119,3,2026-07-17,527.48,43957,1385,34
119,4,2026-07-24,500.74,41728,1315,33
119,5,2026-07-31,1099.79,91649,2887,73
119,6,2026-08-07,97.33,8111,255,7
119,7,2026-08-14,234.88,19573,617,15
119,8,2026-08-21,99.28,8273,260,7
120,0,2025-11-28,19.22,3203,0,1
120,1,2025-12-05,6.4,1066,0,0
120,2,2025-12-12,102.44,17073,0,7
120,3,2025-12-19,47.42,7903,0,3
120,4,2025-12-26,25.94,4323,0,2
120,5,2026-01-02,21.55,3591,0,1
120,6,2026-01-09,19.06,3176,0,2
120,7,2026-01-16,83.57,13929,0,6
120,8,2026-01-23,11.56,1926,0,1
120,9,2026-01-30,51.01,8502,0,3
120,10,2026-02-06,50.98,8497,0,3
120,11,2026-02-13,65.53,10922,0,4
121,0,2026-01-23,27.19,6798,92,14
121,1,2026-01-30,50.91,12727,172,25
121,2,2026-02-06,61.36,15340,207,30
121,3,2026-02-13,64.83,16208,218,31
121,4,2026-02-20,64.38,16094,217,31
121,5,2026-02-27,52.22,13056,175,25
122,0,2025-10-10,247.22,20602,530,18
122,1,2025-10-17,225.32,18777,483,16
122,2,2025-10-24,23.41,1951,50,2
122,3,2025-10-31,206.78,17232,443,14
122,4,2025-11-07,137.87,11489,296,10
122,5,2025-11-14,100.28,8357,215,8
122,6,2025-11-21,297.37,24781,637,22
122,7,2025-11-28,187.98,15665,403,13
122,8,2025-12-05,235.85,19654,506,17
122,9,2025-12-12,87.41,7284,188,6
123,0,2026-01-09,30.78,5130,7,1
123,1,2026-01-16,36.34,6057,10,0
123,2,2026-01-23,17.32,2887,5,1
123,3,2026-01-30,4.23,705,1,0
124,0,2026-03-20,128.95,8597,168,5
124,1,2026-03-27,66.18,4412,87,3
124,2,2026-04-03,9.77,651,13,0
124,3,2026-04-10,49.5,3300,64,1
124,4,2026-04-17,28.82,1921,38,1
124,5,2026-04-24,25.76,1717,34,0
124,6,2026-05-01,69.47,4631,91,2
124,7,2026-05-08,135.71,9047,177,5
124,8,2026-05-15,94.59,6306,123,4
125,0,2026-07-10,591.38,39425,792,27
125,1,2026-07-17,120.64,8043,162,5
125,2,2026-07-24,65.21,4347,88,3
125,3,2026-07-31,358.45,23897,480,16
125,4,2026-08-07,138.57,9238,185,6
125,5,2026-08-14,144.56,9637,194,6
125,6,2026-08-21,310.61,20707,416,14
126,0,2026-08-07,189.66,21073,323,13
126,1,2026-08-14,126.32,14036,214,9
126,2,2026-08-21,251.91,27990,428,18
126,3,2026-08-28,147.1,16344,250,10
126,4,2026-09-04,137.46,15273,233,10
126,5,2026-09-11,87.77,9752,149,6
126,6,2026-09-18,28.62,3180,49,2
126,7,2026-09-25,215.53,23948,367,14
127,0,2026-03-13,87.61,21902,60,32
127,1,2026-03-20,73.22,18304,50,27
127,2,2026-03-27,23.05,5762,15,8
128,0,2026-06-12,5.51,1377,4,2
128,1,2026-06-19,4.06,1016,3,2
128,2,2026-06-26,7.27,1818,6,4
128,3,2026-07-03,2.04,509,1,1
128,4,2026-07-10,11.39,2848,9,6
128,5,2026-07-17,4.78,1196,4,3
128,6,2026-07-24,6.4,1599,5,4
128,7,2026-07-31,5.81,1452,4,3
128,8,2026-08-07,4.64,1161,4,2
128,9,2026-08-14,5.28,1319,5,3
128,10,2026-08-21,0.03,8,0,0
128,11,2026-08-28,5.8,1451,5,4
129,0,2025-11-28,38.49,6415,27,3
129,1,2025-12-05,114.55,19092,83,8
129,2,2025-12-12,87.28,14546,64,5
129,3,2025-12-19,49.43,8239,35,3
129,4,2025-12-26,47.08,7847,34,3
129,5,2026-01-02,19.8,3300,15,1
130,0,2025-10-03,2363.65,262628,3231,132
130,1,2025-10-10,534.81,59423,731,30
130,2,2025-10-17,287.1,31900,392,16
130,3,2025-10-24,457.28,50809,625,26
130,4,2025-10-31,446.36,49596,610,25
130,5,2025-11-07,528.86,58762,723,30
130,6,2025-11-14,814.83,90537,1114,46
130,7,2025-11-21,808.78,89865,1106,45
130,8,2025-11-28,1337.03,148559,1827,75
130,9,2025-12-05,654.63,72737,894,37
130,10,2025-12-12,701.14,77904,959,40
131,0,2026-07-10,734.13,81570,777,72
131,1,2026-07-17,152.5,16945,162,15
131,2,2026-07-24,148.9,16544,157,15
132,0,2026-02-27,120.75,8050,193,6
132,1,2026-03-06,221.48,14765,353,11
132,2,2026-03-13,274.47,18298,439,14
133,0,2026-07-24,35.29,2941,74,5
133,1,2026-07-31,44.2,3683,94,6
133,2,2026-08-07,28.3,2358,60,4
133,3,2026-08-14,46.75,3896,99,7
133,4,2026-08-21,32.46,2705,69,5
133,5,2026-08-28,144.48,12040,307,21
133,6,2026-09-04,26.74,2228,57,4
133,7,2026-09-11,18.67,1556,40,2
134,0,2025-12-19,124.61,10384,395,10
134,1,2025-12-26,22.81,1901,73,1
134,2,2026-01-02,12.74,1062,40,1
134,3,2026-01-09,64.28,5357,203,6
134,4,2026-01-16,177.25,14771,562,14
134,5,2026-01-23,88.25,7354,280,7
134,6,2026-01-30,91.87,7656,291,7
135,0,2026-03-20,4.02,335,12,0
135,1,2026-03-27,5.92,493,16,0
135,2,2026-04-03,5.74,478,17,0
135,3,2026-04-10,3.96,330,11,0
135,4,2026-04-17,20.0,1667,57,1
135,5,2026-04-24,3.6,300,10,0
135,6,2026-05-01,6.11,509,18,1
135,7,2026-05-08,5.72,477,16,1
135,8,2026-05-15,6.62,552,19,0
136,0,2026-01-02,107.36,8947,178,6
136,1,2026-01-09,360.83,30069,600,17
136,2,2026-01-16,109.09,9091,181,6
136,3,2026-01-23,94.26,7855,157,4
136,4,2026-01-30,491.68,40973,816,23
136,5,2026-02-06,421.39,35116,700,20
136,6,2026-02-13,273.13,22761,453,12
136,7,2026-02-20,228.37,19031,379,11
136,8,2026-02-27,43.4,3617,72,2
136,9,2026-03-06,606.49,50541,1007,29
137,0,2026-01-02,37.62,4180,51,3
137,1,2026-01-09,24.54,2727,34,3
137,2,2026-01-16,23.12,2569,32,3
137,3,2026-01-23,86.27,9585,118,9
137,4,2026-01-30,68.13,7570,92,7
138,0,2025-10-31,40.73,10183,56,21
138,1,2025-11-07,63.18,15794,86,34
138,2,2025-11-14,16.31,4077,22,9
138,3,2025-11-21,47.45,11862,64,25
138,4,2025-11-28,42.15,10538,57,22
138,5,2025-12-05,85.93,21483,117,46
139,0,2025-11-21,55.6,6178,104,4
139,1,2025-11-28,44.69,4966,84,3
139,2,2025-12-05,282.62,31402,529,20
139,3,2025-12-12,111.6,12400,209,8
139,4,2025-12-19,155.04,17227,290,10
139,5,2025-12-26,41.62,4625,78,2
139,6,2026-01-02,12.74,1416,24,1
139,7,2026-01-09,309.26,34362,579,21
140,0,2025-11-28,131.16,16395,843,40
140,1,2025-12-05,53.9,6738,347,16
141,0,2025-11-28,57.12,6347,66,5
141,1,2025-12-05,38.74,4305,46,3
141,2,2025-12-12,83.79,9310,98,8
141,3,2025-12-19,13.25,1472,16,1
141,4,2025-12-26,34.57,3841,40,3
141,5,2026-01-02,121.86,13540,142,11
141,6,2026-01-09,18.04,2004,22,2
141,7,2026-01-16,70.2,7800,82,7
142,0,2026-03-06,28.02,1868,47,1
142,1,2026-03-13,60.36,4024,100,4
142,2,2026-03-20,42.02,2801,70,2
142,3,2026-03-27,57.3,3820,96,3
142,4,2026-04-03,17.8,1187,30,1
142,5,2026-04-10,291.9,19460,488,17
142,6,2026-04-17,47.49,3166,79,2
142,7,2026-04-24,117.23,7815,196,7
142,8,2026-05-01,159.93,10662,268,9
142,9,2026-05-08,248.01,16534,414,14
143,0,2025-09-05,113.41,9451,237,4
143,1,2025-09-12,754.28,62857,1579,28
143,2,2025-09-19,302.36,25197,633,11
143,3,2025-09-26,212.81,17734,446,8
143,4,2025-10-03,173.95,14496,364,7
143,5,2025-10-10,867.38,72282,1816,33
143,6,2025-10-17,84.95,7079,178,3
144,0,2026-06-26,266.9,22242,630,25
144,1,2026-07-03,752.7,62725,1779,72
144,2,2026-07-10,707.84,58987,1672,67
144,3,2026-07-17,303.14,25262,716,29
144,4,2026-07-24,287.45,23954,680,28
144,5,2026-07-31,77.15,6429,182,7
144,6,2026-08-07,219.26,18272,519,20
144,7,2026-08-14,399.19,33266,944,37
144,8,2026-08-21,401.28,33440,948,38
144,9,2026-08-28,4.96,413,12,1
145,0,2026-01-23,29.53,2461,73,1
145,1,2026-01-30,151.34,12612,373,8
145,2,2026-02-06,155.65,12971,383,8
145,3,2026-02-13,7.02,585,17,1
145,4,2026-02-20,23.83,1986,58,2
145,5,2026-02-27,40.16,3347,99,2
145,6,2026-03-06,55.96,4663,138,2
145,7,2026-03-13,50.02,4168,123,3
145,8,2026-03-20,42.06,3505,104,2
145,9,2026-03-27,16.39,1366,40,1
146,0,2026-07-03,26.34,6586,27,17
146,1,2026-07-10,18.11,4528,18,11
146,2,2026-07-17,1.38,345,1,1
146,3,2026-07-24,15.69,3922,16,10
146,4,2026-07-31,15.63,3908,16,10
146,5,2026-08-07,9.42,2354,10,6
147,0,2025-11-07,255.9,28433,248,13
147,1,2025-11-14,41.91,4657,40,2
147,2,2025-11-21,262.3,29144,254,13
147,3,2025-11-28,257.65,28628,250,13
147,4,2025-12-05,74.39,8265,72,3
147,5,2025-12-12,40.88,4542,40,2
147,6,2025-12-19,303.17,33686,294,15
147,7,2025-12-26,329.91,36657,320,17
147,8,2026-01-02,106.33,11815,103,5
147,9,2026-01-09,102.28,11365,100,5
147,10,2026-01-16,197.03,21892,190,9
147,11,2026-01-23,124.89,13877,121,7
148,0,2026-03-06,58.11,7264,479,18
148,1,2026-03-13,23.95,2994,198,8
148,2,2026-03-20,53.04,6630,437,17
148,3,2026-03-27,8.98,1123,75,3
148,4,2026-04-03,30.94,3868,255,10
148,5,2026-04-10,21.18,2648,174,6
148,6,2026-04-17,36.98,4622,305,11
148,7,2026-04-24,2.73,341,22,1
148,8,2026-05-01,35.46,4432,293,11
148,9,2026-05-08,12.4,1550,102,4
148,10,2026-05-15,21.98,2748,182,6
148,11,2026-05-22,76.25,9531,628,24
149,0,2026-02-20,25.71,3214,185,7
149,1,2026-02-27,17.82,2228,128,4
149,2,2026-03-06,80.53,10066,579,21
149,3,2026-03-13,73.34,9168,527,18
149,4,2026-03-20,72.08,9010,518,18
149,5,2026-03-27,29.11,3639,209,8
150,0,2026-04-10,114.13,28533,49,51
150,1,2026-04-17,113.81,28452,50,51
150,2,2026-04-24,35.72,8931,16,16
150,3,2026-05-01,82.12,20530,36,37
150,4,2026-05-08,174.85,43712,76,78
150,5,2026-05-15,194.47,48618,85,86
150,6,2026-05-22,215.12,53780,93,96
